note,doi,zygosity,name,reference,region,codon,disease,author_name,mutation_type,genome_position,omim,omim2,ethnicity,gene_bank_number,protein,de_novo,id,chromosome,mutation
,10.6084/m9.figshare.hgv.2600,heterozygous,DSG2,http://dx.doi.org/10.1038/s41439-019-0069-3,East and Southeast Asia,TTC-TGC,Arrhythmogenic right ventricular cardiomyopathy,Xiaoping Li,missense,29116333,125671,610193,East and Southeast Asia,NM_001943.3,p.Phe531Cys,inherited,2600,18q12.1,c.1592T>G
,10.6084/m9.figshare.hgv.2597,heterozygous,DSG2,http://dx.doi.org/10.1038/s41439-019-0069-3,East and Southeast Asia,CGC-CAC,Arrhythmogenic right ventricular cardiomyopathy,Xiaoping Li,missense,29099830,125671,610193,East and Southeast Asia,NM_001943.4,p.Arg49His,inherited,2597,18q12.1,c.146G>A
,10.6084/m9.figshare.hgv.2585,heterozygous,PIK3CA,http://dx.doi.org/10.1038/s41439-019-0063-9,East and Southeast Asia,GAA-AAA,CLOVES syndrome,Naoya Morisada,missense,178928079 (hg19),171834,612918,East and Southeast Asia,NM_006218.3,p.Glu453Lys,de novo (somatic),2585,3q26,c.1357G>A
,10.6084/m9.figshare.hgv.2579,heterozygous,PTEN,http://dx.doi.org/10.1038/s41439-019-0056-8,East and Southeast Asia,TTA-TCA,Macrocephaly/Autism syndrome,Takashi Enokizono,missense,89720808,601728,605309,East and Southeast Asia,NM_000314.4,p.Leu320Ser,de novo,2579,10q23.31,c.959T>C
,10.6084/m9.figshare.hgv.2561,heterozygous,ECHS1,http://dx.doi.org/10.1038/s41439-019-0050-1,East and Southeast Asia,AAT-AGT,Leigh syndrome,Yu-ichi Goto,missense,135184174,602292,256000,Japanese,NM_004092.4,p.Asn59Ser,inherited,2561,10q26.3,c.176A>G
,10.6084/m9.figshare.hgv.2558,heterozygous,ECHS1,http://dx.doi.org/10.1038/s41439-019-0050-1,East and Southeast Asia,CTG-CCG,Leigh syndrome,Yu-ichi Goto,missense,135186815,602292,256000,Japanese,NM_004092.4,p.Leu8Pro,inherited,2558,10q26.3,c.23T>C
,10.6084/m9.figshare.hgv.2552,heterozygous,CDHR1,http://dx.doi.org/10.1038/s41439-019-0048-8,East and Southeast Asia,ATC-AAC,Cone-rod dystrophy,Yoshihiro Hotta,missense,84213335 (GRCh38/hg38),609502,613660,Japanese,NM_033100.3,p.I676N,inherited,2552,10q23.1,c.2027T＞A
,10.6084/m9.figshare.hgv.2537,heterozygous,FN1,http://dx.doi.org/10.1038/s41439-019-0042-1,North Africa,GGA-GTA,Glomerulopathy with fibronectin deposits 2,Nabeel Aslam,missense,216225177-216300791,601894,601894,Europe,NM_212482,p.W1017C,inherited,2537,2q34,c.3051G>T
One novel missense variant of  compound heterozygous variants observed in Usher syndrome type I,10.6084/m9.figshare.hgv.2519,heterozygous,CDH23,http://dx.doi.org/10.1038/s41439-019-0037-y,East and Southeast Asia,GAG-AAG,Usher syndrome type I,Yoshio Makita,missense,73206137 (GRCh37/hg19),601067,276900,East and Southeast Asia,NM_022124.5,p.Glu44Lys,inherited,2519,10q22.1,c.130G>A
,10.6084/m9.figshare.hgv.2516,heterozygous,TGFBR1,http://dx.doi.org/10.1038/s41439-019-0038-x,East and Southeast Asia,,Loeys-Dietz syndrome,NORIFUMI TAKEDA,missense,99144884,190181,609192,East and Southeast Asia,NM_001130916.2,p.(Lys376Glu),de novo,2516,9q22.33,c.1126A>G
,10.6084/m9.figshare.hgv.2507,hemizygous,RS1,http://dx.doi.org/10.1038/s41439-018-0034-6,East and Southeast Asia,TGT-CGT,"Retinoschisis 1, X-linked, juvenile",Hiroyuki Kondo,missense,18660132,300839,312700,East and Southeast Asia,NM_000330.3,p.Cys223Arg,inherited,2507,Xp22.2-p22.1,c.667T>C
,10.6084/m9.figshare.hgv.2504,hemizygous,RS1,http://dx.doi.org/10.1038/s41439-018-0034-6,East and Southeast Asia,TGC-TGG,"Retinoschisis 1, X-linked, juvenile",Hiroyuki Kondo,missense,18660142,300839,312700,East and Southeast Asia,NM_000330.3,p.Cys219Trp,,2504,Xp22.2-p22.1,c.657C>G
,10.6084/m9.figshare.hgv.2501,hemizygous,RS1,http://dx.doi.org/10.1038/s41439-018-0034-6,East and Southeast Asia,CGG-CAG,"Retinoschisis 1, X-linked, juvenile",Hiroyuki Kondo,missense,18660161,300839,312700,East and Southeast Asia,NM_000330.3,p.Arg213Gln,,2501,Xp22.2-p22.1,c.638G>A
,10.6084/m9.figshare.hgv.2498,hemizygous,RS1,http://dx.doi.org/10.1038/s41439-018-0034-6,East and Southeast Asia,CGC-AGC,"Retinoschisis 1, X-linked, juvenile",Hiroyuki Kondo,missense,18660174,300839,312700,East and Southeast Asia,NM_000330.3,p.Arg209Ser,,2498,Xp22.2-p22.1,c.625C>A
,10.6084/m9.figshare.hgv.2495,hemizygous,RS1,http://dx.doi.org/10.1038/s41439-018-0034-6,East and Southeast Asia,CGC-TGC,"Retinoschisis 1, X-linked, juvenile",Hiroyuki Kondo,missense,18660174,300839,312700,East and Southeast Asia,NM_000330.3,p.Arg209Cys,,2495,Xp22.2-p22.1,c.625C>T
,10.6084/m9.figshare.hgv.2492,hemizygous,RS1,http://dx.doi.org/10.1038/s41439-018-0034-6,East and Southeast Asia,CCG-CTG,"Retinoschisis 1, X-linked, juvenile",Hiroyuki Kondo,missense,18660191,300839,312700,East and Southeast Asia,NM_000330.3,p.Pro203Leu,,2492,Xp22.2-p22.1,c.608C>T
,10.6084/m9.figshare.hgv.2489,hemizygous,RS1,http://dx.doi.org/10.1038/s41439-018-0034-6,East and Southeast Asia,CGC-CAC,"Retinoschisis 1, X-linked, juvenile",Hiroyuki Kondo,missense,18660200,300839,312700,East and Southeast Asia,NM_000330.3,p.Arg200His,,2489,Xp22.2-p22.1,c.599G>A
,10.6084/m9.figshare.hgv.2486,hemizygous,RS1,http://dx.doi.org/10.1038/s41439-018-0034-6,East and Southeast Asia,CGC-TGC,"Retinoschisis 1, X-linked, juvenile",Hiroyuki Kondo,missense,18660201,300839,312700,East and Southeast Asia,NM_000330.3,p.Arg200Cys,inherited,2486,Xp22.2-p22.1,c.598C>T
,10.6084/m9.figshare.hgv.2483,hemizygous,RS1,http://dx.doi.org/10.1038/s41439-018-0034-6,East and Southeast Asia,CGC-CAC,"Retinoschisis 1, X-linked, juvenile",Hiroyuki Kondo,missense,18660209,300839,312700,East and Southeast Asia,NM_000330.3,p.Arg197His,,2483,Xp22.2-p22.1,c.590G>A
,10.6084/m9.figshare.hgv.2480,hemizygous,RS1,http://dx.doi.org/10.1038/s41439-018-0034-6,East and Southeast Asia,CGC-TGC,"Retinoschisis 1, X-linked, juvenile",Hiroyuki Kondo,missense,18660210,300839,312700,East and Southeast Asia,NM_000330.3,p.Arg197Cys,,2480,Xp22.2-p22.1,c.589C>T
,10.6084/m9.figshare.hgv.2480,hemizygous,RS1,http://dx.doi.org/10.1038/s41439-018-0034-6,East and Southeast Asia,CGC-TGC,"Retinoschisis 1, X-linked, juvenile",Hiroyuki Kondo,missense,18660210,300839,312700,East and Southeast Asia,NM_000330.3,p.Arg197Cys,,2480,Xp22.2-p22.1,c.589C>T
,10.6084/m9.figshare.hgv.2477,hemizygous,RS1,http://dx.doi.org/10.1038/s41439-018-0034-6,East and Southeast Asia,CCC-TCC,"Retinoschisis 1, X-linked, juvenile",Hiroyuki Kondo,missense,18660225,300839,312700,East and Southeast Asia,NM_000330.3,p.Pro192Ser,,2477,Xp22.2-p22.1,c.574C>T
,10.6084/m9.figshare.hgv.2474,hemizygous,RS1,http://dx.doi.org/10.1038/s41439-018-0034-6,East and Southeast Asia,CGC-TGC,"Retinoschisis 1, X-linked, juvenile",Hiroyuki Kondo,missense,18660255,300839,312700,East and Southeast Asia,NM_000330.3,p.Arg182Cys,,2474,Xp22.2-p22.1,c.544C>T
,10.6084/m9.figshare.hgv.2465,hemizygous,RS1,http://dx.doi.org/10.1038/s41439-018-0034-6,East and Southeast Asia,GAG-GAC,"Retinoschisis 1, X-linked, juvenile",Hiroyuki Kondo,missense,18662634,300839,312700,East and Southeast Asia,NM_000330.3,p.Glu146Asp,inherited,2465,Xp22.2-p22.1,c.438G>C
,10.6084/m9.figshare.hgv.2462,hemizygous,RS1,http://dx.doi.org/10.1038/s41439-018-0034-6,East and Southeast Asia,CGC-CAC,"Retinoschisis 1, X-linked, juvenile",Hiroyuki Kondo,missense,18662650,300839,312700,East and Southeast Asia,NM_000330.3,p.Arg141His,,2462,Xp22.2-p22.1,c.422G>A
,10.6084/m9.figshare.hgv.2459,hemizygous,RS1,http://dx.doi.org/10.1038/s41439-018-0034-6,East and Southeast Asia,CAG-CAT,"Retinoschisis 1, X-linked, juvenile",Hiroyuki Kondo,missense,18662655,300839,312700,East and Southeast Asia,NM_000330.3,p.Gln139His,inherited,2459,Xp22.2-p22.1,c.417G>T
,10.6084/m9.figshare.hgv.2456,hemizygous,RS1,http://dx.doi.org/10.1038/s41439-018-0034-6,East and Southeast Asia,GGG-GAG,"Retinoschisis 1, X-linked, juvenile",Hiroyuki Kondo,missense,18662668,300839,312700,East and Southeast Asia,NM_000330.3,p.Gly135Glu,inherited,2456,Xp22.2-p22.1,c.404G>A
,10.6084/m9.figshare.hgv.2453,hemizygous,RS1,http://dx.doi.org/10.1038/s41439-018-0034-6,East and Southeast Asia,TGT-TGA,"Retinoschisis 1, X-linked, juvenile",Hiroyuki Kondo,missense,18662742,300839,312700,East and Southeast Asia,NM_000330.3,p.Cys110*,inherited,2453,Xp22.2-p22.1,c.330T>A
,10.6084/m9.figshare.hgv.2450,hemizygous,RS1,http://dx.doi.org/10.1038/s41439-018-0034-6,East and Southeast Asia,GGG-GCG,"Retinoschisis 1, X-linked, juvenile",Hiroyuki Kondo,missense,18665311,300839,312700,East and Southeast Asia,NM_000330.3,p.Gly109Ala,,2450,Xp22.2-p22.1,c.326G>C
,10.6084/m9.figshare.hgv.2447,hemizygous,RS1,http://dx.doi.org/10.1038/s41439-018-0034-6,East and Southeast Asia,CGG-CAG,"Retinoschisis 1, X-linked, juvenile",Hiroyuki Kondo,missense,18665332,300839,312700,East and Southeast Asia,NM_000330.3,p.Arg102Gln,,2447,Xp22.2-p22.1,c.305G>A
,10.6084/m9.figshare.hgv.2444,hemizygous,RS1,http://dx.doi.org/10.1038/s41439-018-0034-6,East and Southeast Asia,CGG-TGG,"Retinoschisis 1, X-linked, juvenile",Hiroyuki Kondo,missense,18665333,300839,312700,East and Southeast Asia,NM_000330.3,p.Arg102Trp,,2444,Xp22.2-p22.1,c.304C>T
,10.6084/m9.figshare.hgv.2441,hemizygous,RS1,http://dx.doi.org/10.1038/s41439-018-0034-6,East and Southeast Asia,GCC-CCC,"Retinoschisis 1, X-linked, juvenile",Hiroyuki Kondo,missense,18665336,300839,312700,East and Southeast Asia,NM_000330.3,p.Ala101Pro,,2441,Xp22.2-p22.1,c.301G>C
,10.6084/m9.figshare.hgv.2432,hemizygous,RS1,http://dx.doi.org/10.1038/s41439-018-0034-6,East and Southeast Asia,TAT-TGT,"Retinoschisis 1, X-linked, juvenile",Hiroyuki Kondo,missense,18665371,300839,312700,East and Southeast Asia,NM_000330.3,p.Ser73Leu,,2432,Xp22.2-p22.1,c.266A>G
,10.6084/m9.figshare.hgv.2429,hemizygous,RS1,http://dx.doi.org/10.1038/s41439-018-0034-6,East and Southeast Asia,TCA-TTA,"Retinoschisis 1, X-linked, juvenile",Hiroyuki Kondo,missense,18665419,300839,312700,East and Southeast Asia,NM_000330.3,p.Ser73Leu,,2429,Xp22.2-p22.1,c.218C>T
,10.6084/m9.figshare.hgv.2426,hemizygous,RS1,http://dx.doi.org/10.1038/s41439-018-0034-6,East and Southeast Asia,GAG-AAG,"Retinoschisis 1, X-linked, juvenile",Hiroyuki Kondo,missense,18665423,300839,312700,East and Southeast Asia,NM_000330.3,p.Glu72Lys,,2426,Xp22.2-p22.1,c.214G>A
,10.6084/m9.figshare.hgv.2420,hemizygous,RS1,http://dx.doi.org/10.1038/s41439-018-0034-6,East and Southeast Asia,TGT-GGT,"Retinoschisis 1, X-linked, juvenile",Hiroyuki Kondo,missense,18674782,300839,312700,East and Southeast Asia,NM_000330.3,p.Cys59Gly,inherited,2420,Xp22.2-p22.1,c.175T>G
,10.6084/m9.figshare.hgv.2408,hemizygous,RS1,http://dx.doi.org/10.1038/s41439-018-0034-6,East and Southeast Asia,CTT-CCT,"Retinoschisis 1, X-linked, juvenile",Hiroyuki Kondo,missense,18690154,300839,312700,East and Southeast Asia,NM_000330.3,p.Leu12Pro,,2408,Xp22.2-p22.1,c.35T>C
,10.6084/m9.figshare.hgv.2387,heterozygous,PTPN3,http://dx.doi.org/10.1038/s41439-018-0028-4,East and Southeast Asia,AAT-CAT,MRKH syndrome,Kazumi Takahashi,missense,112182816,176877,277000,East and Southeast Asia,NM_002829,p.N401H,de novo,2387,9q31.3,c.1201A>C
,10.6084/m9.figshare.hgv.2384,heterozygous,NAV3,http://dx.doi.org/10.1038/s41439-018-0028-4,East and Southeast Asia,ATC-GTC,MRKH syndrome,Kazumi Takahashi,missense,78400834,611629,277000,East and Southeast Asia,NM_001024383,p.I506V,de novo,2384,12q.21.2,c.1516A>G
,10.6084/m9.figshare.hgv.2381,heterozygous,MYCBP2,http://dx.doi.org/10.1038/s41439-018-0028-4,East and Southeast Asia,CAC-CCC,MRKH syndrome,Kazumi Takahashi,missense,77752067,610392,277000,East and Southeast Asia,NM_015057,p.H1719P,uncertain,2381,13q22.3,c.5156A>C
,10.6084/m9.figshare.hgv.2381,heterozygous,MYCBP2,http://dx.doi.org/10.1038/s41439-018-0028-4,East and Southeast Asia,CAC-CCC,MRKH syndrome,Kazumi Takahashi,missense,77752067,610392,277000,East and Southeast Asia,NM_015057,p.H1719P,uncertain,2381,13q22.3,c.5156A>C
,10.6084/m9.figshare.hgv.2378,heterozygous,MYCBP2,http://dx.doi.org/10.1038/s41439-018-0028-4,East and Southeast Asia,ACT-GCT,MRKH syndrome,Kazumi Takahashi,missense,77661732,610392,277000,East and Southeast Asia,NM_015057,p.T3588A,de novo,2378,13q22.3,c.10762A>G
,10.6084/m9.figshare.hgv.2375,heterozygous,CUL7,http://dx.doi.org/10.1038/s41439-018-0029-3,East and Southeast Asia,GGC-GAC,3M Syndrome,Tomozumi Takatani,missense,43038927,273750,273750,East and Southeast Asia,NM_014780.4,p.Gly1452Asp,inherited,2375,6p21.1,c.4355G>A
,10.6084/m9.figshare.hgv.2354,hemizygous,MECP2,http://dx.doi.org/10.1038/s41439-018-0020-z,East and Southeast Asia,CGG-TGG,intellectual disability,Toshiyuki Yamamoto,missense,153296780,300005,300055,Japan,NM_004992.3,p.Arg167Trp,inherited,2354,Xq28,c.499C>T
,10.6084/m9.figshare.hgv.2351,heterozygous,HSPD1,http://dx.doi.org/10.1038/s41439-018-0020-z,East and Southeast Asia,TTA-GTA,leukodystrophy,Toshiyuki Yamamoto,missense,198363434,118190,612233,Japan,NM_002156.4,p.Leu47Val,de novo,2351,2q33.1,c.139T>G
,10.6084/m9.figshare.hgv.2348,heterozygous,HIP1,http://dx.doi.org/10.1038/s41439-018-0020-z,East and Southeast Asia,GAA-AAA,autism,Toshiyuki Yamamoto,missense,75187542,601767,0,Japan,NM_005338.6,p.Glu465Lys,de novo,2348,7q11.23,c.1393G>A
,10.6084/m9.figshare.hgv.2345,heterozygous,SCN2A,http://dx.doi.org/10.1038/s41439-018-0019-5,East and Southeast Asia,TGG-TCG,non-syndromic intellectual disability,Takayuki Yokoi,missense,166237171,182390,,East and Southeast Asia,NM_021007.2,p.G1460R,de novo,2345,2q24.3,c.4378G>C
,10.6084/m9.figshare.hgv.2342,heterozygous,LMNA,http://dx.doi.org/10.1038/s41439-018-0018-6,East and Southeast Asia,NAT-CAT,LMNA-associated congenital muscular dystrophy,Ichizo Nishino,missense,156084824,150330,613205,East and Southeast Asia,NM_170707.3,p.Asn39His,de novo,2342,1q22,c.115A>C
,10.6084/m9.figshare.hgv.2315,heterozygous,VCP,http://dx.doi.org/10.1038/s41439-018-0009-7,East and Southeast Asia,ATT-GTT,Inclusion body myopathy with early-onset Paget disease and frontotemporal dementia,Ichizo Nishino,missense,35066741,601023,167320,East and Southeast Asia,NM_007126.3,p.Ile126Val,de novo,2315,9p13.3,c.376A>G
,10.6084/m9.figshare.hgv.2312,heterozygous,VCP,http://dx.doi.org/10.1038/s41439-018-0009-7,East and Southeast Asia,GTT-TTT,Inclusion body myopathy with early-onset Paget disease and frontotemporal dementia,Ichizo Nishino,missense,35067931,601023,167320,East and Southeast Asia,NM_007126.3,p.Val87Phe,de novo,2312,9p13.3,c.259G>T
,10.6084/m9.figshare.hgv.2306,heterozygous,EGFR,http://dx.doi.org/10.1038/s41439-018-0011-0,East and Southeast Asia,ATC-ATA,ectodermal dysplasia,Takayuki Yokoi,missense,55224313,131550,616069,Japanese,NM_005228,p.I365N,inherited,2306,7p11.2,c.1094T>A
,10.6084/m9.figshare.hgv.1936,heterozygous,TFAP2A,http://dx.doi.org/10.1038/s41439-018-0004-z,East and Southeast Asia,GAA-GAC,Branchio-Oculo-Facial Syndrome,Kenichiro Hata,missense,10404806,107580,113620,East and Southeast Asia,NM_003220.2,P.Glu233Asp,inherited,1936,6p24.3,c.699A>C
,10.6084/m9.figshare.hgv.1920,heterozygous,FGFR3,http://dx.doi.org/10.1038/s41439-018-0001-2,East and Southeast Asia,AGC-TGC,Hypochondroplasia,Ikuko Takahashi,missense,1793299,134934,14600,East and Southeast Asia,AF_238374,p.S269C,de novo,1920,4p16.3,c.805A>T
,10.6084/m9.figshare.hgv.1917,heterozygous,CSNK2A1,http://dx.doi.org/10.1038/hgv.2018.11,East and Southeast Asia,AAA-AGA,Okur-Chung neurodevelopmental syndrome,Kenji Kurosawa,missense,472926,115440,617062,East and Southeast Asia,NM_001895.3,p.K198R,de novo,1917,20p13,c.593A>G
,10.6084/m9.figshare.hgv.1761,hemizygous,PLP1,http://dx.doi.org/10.1038/hgv.2018.13,East and Southeast Asia,TTC-GTC,Pelizaeus-Merzbacher disease,Satoshi Osaka,missense,103773718,312080,300401,East and Southeast Asia,NM_000533.4,p.Phe51Val,inherited,1761,Xq22.2,c.151T>G
,10.6084/m9.figshare.hgv.1755,homozygous,PGAP3,http://dx.doi.org/10.1038/hgv.2018.5,Europe,CCG-CAG,Hyperphosphatasia with mental retardation syndrome 4,Naomichi Matsumoto,missense,37840968,611801,615716,Croatian,NM_033419.4,p.Pro105Gln,inherited,1755,17q12,c.314C>A
,10.6084/m9.figshare.hgv.1753,heterozygous,RNF213,http://dx.doi.org/10.1038/hgv.2017.60,East and Southeast Asia,CGG-CAG,Moyamoya disease,Hiroyuki Akagawa,missense,78343331(hg19),613768,607151,Japanese,NM_001256071.1,p.(Arg4062Gln),unknown,1753,17q25.3,c.12185G>A
,10.6084/m9.figshare.hgv.1750,heterozygous,RNF213,http://dx.doi.org/10.1038/hgv.2017.60,East and Southeast Asia,CAT-CCT,Moyamoya disease,Hiroyuki Akagawa,missense,78343319(hg19),613768,607151,Japanese,NM_001256071.1,p.(His4058Pro),unknown,1750,17q25.3,c.12173A>C
,10.6084/m9.figshare.hgv.1747,heterozygous,RNF213,http://dx.doi.org/10.1038/hgv.2017.60,East and Southeast Asia,CAG-AAG,Moyamoya disease,Hiroyuki Akagawa,missense,78293074(hg19),613768,607151,Japanese,NM_001256071.1,p.(Glu996Lys),unknown,1747,17q25.3,c.2986G>A
,10.6084/m9.figshare.hgv.1741,heterozygous,COL2A1,http://dx.doi.org/10.1038/hgv.2017.59,East and Southeast Asia,GGT-AGT,SEDC,HAN XIAO,missense,47987682,183900,183900,East and Southeast Asia,NM_001844.4,p.Gly384Ser,de novo,1741,12q13.11,c.1150G>A
,10.6084/m9.figshare.hgv.1741,heterozygous,COL2A1,http://dx.doi.org/10.1038/hgv.2017.59,East and Southeast Asia,GGT-AGT,SEDC,HAN XIAO,missense,47987682,183900,183900,East and Southeast Asia,NM_001844.4,p.Gly384Ser,de novo,1741,12q13.11,c.1150G>A
,10.6084/m9.figshare.hgv.1738,heterozygous,G6PD,http://dx.doi.org/10.1038/hgv.2017.57,Europe,CCG>CCA,G6PD deficiency,Angelo Minucci,missense,153762604,305900,300908,Europe,NM_001042351.2,p.Arg198His,de novo / inherited,1738,Xq28,c.593G>A
,10.6084/m9.figshare.hgv.1726,heterozygous,DARS2,http://dx.doi.org/10.1038/hgv.2017.51,East and Southeast Asia,GGT-TCT,leukoencephalopathy with brainstem and spinal cord involvement and lactate elevation (LBSL),Toshiyuki Yamamoto,missense,173799861,610956,611105,Japan,NM_018122.4,p.Gly120Ser,unknown,1726,1q25.1,c.358_359delinsTC
,10.6084/m9.figshare.hgv.1660,heterozygous,WNT10A,http://dx.doi.org/10.1038/hgv.2017.47,East and Southeast Asia,GCC-ACC,Tooth agenesis,Yoshito Tokita,missense,"218,892,906",606268,150400,Japanese,NM_025216.2,NP_079492.2:p.Ala297Thr,de novo,1660,2q35,c.889G>A
,10.6084/m9.figshare.hgv.1657,heterozygous,WNT10A,http://dx.doi.org/10.1038/hgv.2017.47,East and Southeast Asia,GGC-AGC,Tooth agenesis,Yoshito Tokita,missense,"218,890,244",606268,150400,Japanese,NM_025216.2,NP_079492.2:p.Gly213Ser,de novo/inherited,1657,2q35,c.637G>A
,10.6084/m9.figshare.hgv.1654,heterozygous,WNT10A,http://dx.doi.org/10.1038/hgv.2017.47,East and Southeast Asia,CGT-TGT,Tooth agenesis,Yoshito Tokita,missense,"218,890,118",606268,150400,Japanese,NM_025216.2,NP_079492.2:p.Arg171Cys,inherited,1654,2q35,c.511C>T
,10.6084/m9.figshare.hgv.1651,heterozygous,WNT10A,http://dx.doi.org/10.1038/hgv.2017.47,East and Southeast Asia,CGC-CAC,Tooth agenesis,Yoshito Tokita,missense,"218,882,190",606268,150400,Japanese,NM_025216.2,NP_079492.2:p.Arg48His,de novo,1651,2q35,c.143G>A
,10.6084/m9.figshare.hgv.1648,heterozygous,COL2A1,http://dx.doi.org/10.1038/hgv.2017.40,Europe,CGC-TGC,"Stickler syndrome, type 1",Shiro Ikegawa,missense,48366748,120140,108300,Europe,NM_001844,p.Arg904Cys,de novo,1648,12q13.11,c.2710C>T
,10.6084/m9.figshare.hgv.1402,heterozygous,CLCN7,http://dx.doi.org/10.1038/hgv.2017.36,East and Southeast Asia,GTG-ATG,Intermediate autosomal recessive osteopetrosis,Issei Imoto,missense,1499035 (hg19),602727,259710,East and Southeast Asia,NM_001287.5,p.(Val577Met),inherited,1402,16p13.3,c.1729G>A
,10.6084/m9.figshare.hgv.1399,heterozygous,CLCN7,http://dx.doi.org/10.1038/hgv.2017.36,East and Southeast Asia,TGC-TAC,Intermediate autosomal recessive osteopetrosis,Issei Imoto,missense,1500610 (hg19),602727,259710,East and Southeast Asia,NM_001287.5,p.(Cys502Tyr),inherited,1399,16p13.3,c.1505G>A
,10.6084/m9.figshare.hgv.1396,heterozygous,TUBB4A,http://dx.doi.org/10.1038/hgv.2017.35,East and Southeast Asia,GGA-AGA,hypomyelinating leukodystrophy,Toshiyuki Yamamoto,missense,6496224,602662,612438,Japanese,NM_006087.3,p.Gly96Arg,de novo,1396,19p13.3,c.286G>A
,10.6084/m9.figshare.hgv.1384,heterozygous,GP9,http://dx.doi.org/10.1038/hgv.2017.30,East and Southeast Asia,TGT-TAT,Bernard–Soulier syndrome,Kenji Kanda,missense,129062005,173515,231200,East and Southeast Asia,NM_000174.4,p.Cys89Tyr,inherited,1384,3q21.3,c.266G>A
,10.6084/m9.figshare.hgv.1381,heterozygous,GP9,http://dx.doi.org/10.1038/hgv.2017.30,Europe,AAC-AGC,Bernard–Soulier syndrome,Kenji Kanda,missense,129061921,173515,231200,Europe,NM_000174.4,p.Asn61Ser,inherited,1381,3q21.3,c.182A>G
,10.6084/m9.figshare.hgv.1361,hemizygous,UBE2A,http://dx.doi.org/10.1038/hgv.2017.19,East and Southeast Asia,GGG-AGG,X-linked intellectual disability type Nascimento,Yoshinori Tsurusaki Tsurusaki,missense,118708895,312180,300860,East and Southeast Asia,NM_003336.3,p.G26R,mother inherited,1361,Xq24,c.76G>A
,10.6084/m9.figshare.hgv.1348,heterozygous,DHCR7,http://dx.doi.org/10.1038/hgv.2017.15,East and Southeast Asia,CAC-CGC,Smith-Lemli-Opitz syndrome,Sachiko Kitanaka,missense,71435478,602858,270400,East and Southeast Asia,LC201749,p.H442R,inherited,1348,11q13.4,c.1325A>G
,10.6084/m9.figshare.hgv.947,heterozygous,SSPO,http://dx.doi.org/10.1038/hgv.2016.46,East and Southeast Asia,CGC-CAC,Supernumerary teeth,Tetsutaro Yamaguchi,missense,149500107,0,187100,East and Southeast Asia,NM_198455,p.Arg2578His,de novo / inherited,947,7q36.1,c.7733G>A
,10.6084/m9.figshare.hgv.944,heterozygous,SSPO,http://dx.doi.org/10.1038/hgv.2016.46,East and Southeast Asia,TGC-TAC,Supernumerary teeth,Tetsutaro Yamaguchi,missense,149504070,0,187100,East and Southeast Asia,NM_198455,p.Cys2965Tyr,de novo / inherited,944,7q36.1,c.8894G>A
,10.6084/m9.figshare.hgv.938,heterozygous,SSPO,http://dx.doi.org/10.1038/hgv.2016.46,East and Southeast Asia,CAG-CTG,Supernumerary teeth,Tetsutaro Yamaguchi,missense,149493577,0,187100,East and Southeast Asia,NM_198455,p.Gln2218Leu,de novo / inherited,938,7q36.1,c.6653A>T
,10.6084/m9.figshare.hgv.935,heterozygous,COL2A1,http://dx.doi.org/10.1038/hgv.2017.3,East and Southeast Asia,TGC-TGG,SEDC,Chieko Kusano,missense,47974780,120140,183900,East and Southeast Asia,NM_001844,p.C1323W,de novo,935,12q13.11,c.3969C>G
,10.6084/m9.figshare.hgv.932,hemizygous,GLA,http://dx.doi.org/10.1038/hgv.2017.2,East and Southeast Asia,GGC/GAC,Fabry disease,Yasutsugu Chinen,missense,144,300644,301500,East and Southeast Asia,NM_000169,D,inherited,932,Xq22.1,G144D
,10.6084/m9.figshare.hgv.932,hemizygous,GLA,http://dx.doi.org/10.1038/hgv.2017.2,East and Southeast Asia,GGC/GAC,Fabry disease,Yasutsugu Chinen,missense,144,300644,301500,East and Southeast Asia,NM_000169,D,inherited,932,Xq22.1,G144D
,10.6084/m9.figshare.hgv.929,heterozygous,SLC34A2,http://dx.doi.org/10.1038/hgv.2016.47,East and Southeast Asia,GGC-CGC,Pulmonary alveolar microlithiasis,Hiroki Izumi,missense,N/A,604217,265100,East and Southeast Asia,NM_006024.2,p. Arg464*,unknown,929,4p15.2,c.1390 G>C
,10.6084/m9.figshare.hgv.920,hemizygous,PLP1,http://dx.doi.org/10.1038/hgv.2016.44,East and Southeast Asia,TTT-CTT,Pelizaeus-Merzbacher disease,Toshiyuki Yamamoto,missense,103044283,300401,312080,East and Southeast Asia,NM_000533,p.Phe240Leu,inherited,920,Xq22.2,c.718T>C
,10.6084/m9.figshare.hgv.906,heterozygous,WISP3,http://dx.doi.org/10.1038/hgv.2016.41,East and Southeast Asia,TGT-GGT,Progressive pseudorheumatoid dysplasia,Qing Jiang,missense,112068239,603400,208230,Chinese Han,NM_198239.1,p.Cys241Gly,inherited,906,6q22,c.721T>G
,10.6084/m9.figshare.hgv.903,heterozygous,WISP3,http://dx.doi.org/10.1038/hgv.2016.41,East and Southeast Asia,TGT-TGG,Progressive pseudorheumatoid dysplasia,Qing Jiang,missense,112061284,603400,208230,Chinese Han,NM_198239.1,p.Cys132Trp,inherited,903,6q22,c.396T>G
,10.6084/m9.figshare.hgv.894,homozygous,PDE6a,http://dx.doi.org/10.1038/hgv.2016.36,Central and South Asia,CGC-AGC,Autosomal recessive RP,S. Amer Riazuddin,missense,"chr5:149,857,956-149,944,793",180072,613810,Central and South Asia,NM_000440.2,p.R102S,Inherited,894,5q,c.304C>A
,10.6084/m9.figshare.hgv.882,heterozygous,TNNI2,http://dx.doi.org/10.1038/hgv.2016.35,Europe,AGG-AAG,Distal arthrogryposis,Naomichi Matsumoto,missense,1862717,191043,601680,Europe,NM_003282.3,p.Arg162Lys,inherited,882,11p15.5,c.485G>A
,10.6084/m9.figshare.hgv.873,heterozygous,FGFR1,http://dx.doi.org/10.1038/hgv.2016.34,East and Southeast Asia,,Hartsfield syndrome,Masaki Takagi,missense,38424687,136350,615465,East and Southeast Asia,NM_023110,p.His253Pro,de novo,873,8p11.23,c.758A>C
,10.6084/m9.figshare.hgv.848,heterozygous,COL5A2,http://dx.doi.org/10.1038/hgv.2016.30,East and Southeast Asia,GGA-AGA,"Ehlers–Danlos syndrome, classical",Issei Imoto,missense,189951460,120190,130000,East and Southeast Asia,NM_000393.3,p.Gly228Arg,de novo,848,2q32.2,c.682G>A
,10.6084/m9.figshare.hgv.829,homozygous,CYP1B1,http://dx.doi.org/10.1038/hgv.2016.21,Central and South Asia,CGT-CAT,Primary Congenital Glaucoma,S. Amer Riazuddin,missense,38071251,601771,231300,Central and South Asia,NM_000104.3,p.Arg368His,Inherited,829,2p21-22,c.1103G>A
,10.6084/m9.figshare.hgv.826,homozygous,CYP1B1,http://dx.doi.org/10.1038/hgv.2016.21,Central and South Asia,TAC-AAC,Primary Congenital Glaucoma,S. Amer Riazuddin,missense,38075148,601771,231300,Central and South Asia,NM_000104.3,p.Tyr81Asn,Inherited,826,2p21-22,c.241T>A
,10.6084/m9.figshare.hgv.823,homozygous,CYP1B1,http://dx.doi.org/10.1038/hgv.2016.21,Central and South Asia,CGA-CAA,Primary Congenital Glaucoma,S. Amer Riazuddin,missense,38071023,601771,231300,Central and South Asia,NM_000104.3,p.Arg444Gln,Inherited,823,2p21-22,c.1331G>A
,10.6084/m9.figshare.hgv.820,homozygous,CYP1B1,http://dx.doi.org/10.1038/hgv.2016.21,Central and South Asia,GAA-AAA,Primary Congenital Glaucoma,S. Amer Riazuddin,missense,38074704,601771,231300,Central and South Asia,NM_000104.3,p.Glu229Lys,Inherited,820,2p21-22,c.685G>A
,10.6084/m9.figshare.hgv.814,homozygous,CYP1B1,http://dx.doi.org/10.1038/hgv.2016.21,Central and South Asia,CGC-CAC,Primary Congenital Glaucoma,S. Amer Riazuddin,missense,38071185,601771,231300,Central and South Asia,NM_000104.3,p.Arg390His,Inherited,814,2p21-22,c.1169G>A
,10.6084/m9.figshare.hgv.808,homozygous,CYP1B1,http://dx.doi.org/10.1038/hgv.2016.21,Central and South Asia,TGG-CGG,Primary Congenital Glaucoma,S. Amer Riazuddin,missense,38071054,601771,231300,Central and South Asia,NM_000104.3,p.Trp434Arg,Inherited,808,2p21-22,c.1300T>C
,10.6084/m9.figshare.hgv.805,homozygous,CYP1B1,http://dx.doi.org/10.1038/hgv.2016.21,Central and South Asia,CGG-TGG,Primary Congenital Glaucoma,S. Amer Riazuddin,missense,38070949,601771,231300,Central and South Asia,NM_000104.3,p.Arg469Trp,Inherited,805,2p21-22,c.1405C>T
,10.6084/m9.figshare.hgv.787,heterozygous,COL2A1,http://dx.doi.org/10.1038/hgv.2016.7,East and Southeast Asia,GGC-GCC,Spondyloepiphyseal dysplasia,Yasuharu Nakashima,missense,47987094,120140,604864,Japanese,NM_001844.3,p.G450A,inherited,787,12q13.11,c.1349G>C
,10.6084/m9.figshare.hgv.783,heterozygous,PAX3,http://dx.doi.org/10.1038/hgv.2016.5,East and Southeast Asia,AGC-AGG,Waardenburg syndrome type 1,Yu Yoshida,missense,222220206,606597,193500,East and Southeast Asia,NM_181459,p.Ser369Arg,,783,2q35,c.1107C>G
,10.6084/m9.figshare.hgv.780,heterozygous,COL11A1,http://dx.doi.org/10.1038/hgv.2016.3,East and Southeast Asia,GGT-GAT,Stickler syndrome,Issei Imoto,missense,102888757,120280,604841,East and Southeast Asia,NM_001854.3,p.Gly1507Asp,possibly inherited,780,1p21.1,c.4520G>A
,10.6084/m9.figshare.hgv.765,heterozygous,EPAS1,http://dx.doi.org/10.1038/hgv.2015.53,Europe,GCA-GTA,Syndrome of paraganglioma and somatostatinoma with polycythemia (ie. Pacak-Zhuang syndrome),Zhengping Zhuang,missense,46380261,603349,,Europe,NM_001430,p.Ala530,de novo,765,2p21-p16,c.1589C>T
,10.6084/m9.figshare.hgv.765,heterozygous,EPAS1,http://dx.doi.org/10.1038/hgv.2015.53,Europe,GCA-GTA,Syndrome of paraganglioma and somatostatinoma with polycythemia (ie. Pacak-Zhuang syndrome),Zhengping Zhuang,missense,46380261,603349,,Europe,NM_001430,p.Ala530,de novo,765,2p21-p16,c.1589C>T
,10.6084/m9.figshare.hgv.762,heterozygous,EPAS1,http://dx.doi.org/10.1038/hgv.2015.53,Europe,GCA-ACA,Syndrome of paraganglioma and somatostatinoma with polycythemia (ie. Pacak-Zhuang syndrome),Zhengping Zhuang,missense,46380260,603349,,Europe,NM_001430,p.Ala530,de novo,762,2p21-p16,c.1588G>A
,10.6084/m9.figshare.hgv.759,heterozygous,OCA2,http://dx.doi.org/10.1038/hgv.2015.58,East and Southeast Asia,GCC-ACC,Skin Pigmentation,Esteban J. Parra,missense,27983407,611409,227220,East and Southeast Asia,NM_000275.2,p.Ala481Thr,,759,15q,c.1441G>A
,10.6084/m9.figshare.hgv.756,homozygous,OCA2,http://dx.doi.org/10.1038/hgv.2015.58,East and Southeast Asia,CAT-CGT,Skin Pigmentation,Esteban J. Parra,missense,27951891,611409,227220,East and Southeast Asia,NM_000275.2,p.His615Arg,,756,15q,c.1844A>G
,10.6084/m9.figshare.hgv.735,heterozygous,PLA2G6,http://dx.doi.org/10.1038/hgv.2015.48,East and Southeast Asia,GAC-AAC,Infantile neuroaxonal dystrophy 1,Toshiyuki Yamamoto,missense,38531042,603604,256600,Japan,NM_003560.2,p.D283N,inherited,735,22q13.1,c.847G>A
,10.6084/m9.figshare.hgv.732,heterozygous,SPRED1,http://dx.doi.org/10.1038/hgv.2015.51,Europe,CCT to CGT,Legius Syndrome,Stella Gagliardi,missense,38252086,152594,611431,Europe,NM 152594,p.Pro422Arg,de novo / inherited,732,15q13.2,c.1024C>G
,10.6084/m9.figshare.hgv.717,heterozygous,CDKL5,http://dx.doi.org/10.1038/hgv.2015.42,East and Southeast Asia,CGG-CAG,"Epileptic encephalopathy, early infantile, 2",Toshiyuki Yamamoto,missense,18602452,300203,300672,Japan,XM_005274584.1,p.Arg178Gln,de novo,717,Xp22.13,c.533G>A
,10.6084/m9.figshare.hgv.714,hemizygous,CDKL5,http://dx.doi.org/10.1038/hgv.2015.42,East and Southeast Asia,CGG-CAG,"Epileptic encephalopathy, early infantile, 2",Toshiyuki Yamamoto,missense,18602452,300203,300672,Japan,XM_005274584.1,p.Arg178Gln,de novo,714,Xp22.13,c.533G>A
,10.6084/m9.figshare.hgv.705,hemizygous,GLA,http://dx.doi.org/10.1038/hgv.2015.44,East and Southeast Asia,TTC-TTA,Fabry,Yoshikatsu Eto,missense,100658961,300644,301500,East and Southeast Asia,NM_000169,p.Phe69Leu,,705,Xq22.1,c.207C>A
HLA-DQB1*06:02 was associated with narcolepsy without cataplexy.,10.6084/m9.figshare.hgv.688,heterozygous,HLA-DQB1,http://dx.doi.org/10.1038/hgv.2015.31,East and Southeast Asia,,narcolepsy without cataplexy,TAKU MIYAGAWA,missense,32627241-32634466,604305,0,East and Southeast Asia,M32577.1,,inherited,688,6p21.3,
,10.6084/m9.figshare.hgv.668,heterozygous,MYH11,http://dx.doi.org/10.1038/hgv.2015.28,East and Southeast Asia,CTG-CCG,Familial thoracic aortic aneurysm,NORIFUMI TAKEDA,missense,15820772,160745,132900,East and Southeast Asia,NM_002474.2,p.Leu1264Pro,inherited,668,16p13.11,c.3791T>C
,10.6084/m9.figshare.hgv.590,heterozygous,PROC,http://dx.doi.org/10.1038/hgv.2015.17,East and Southeast Asia,GTG-ATG,congenital Protein C deficiency/Purpura Fulminans,Mariko Taniguchi-Ikeda,missense,15156,612283,612304,East and Southeast Asia,NM_000312,p.Val339Met,inherited,590,2q14.3,c.1015G>A
,10.6084/m9.figshare.hgv.586,hemizygous,MED12,http://dx.doi.org/10.1038/hgv.2015.18,East and Southeast Asia,ATC-GTC,Non-specific intellectual disability,Toshiyuki Yamamoto,missense,"70,338,406-70,362,304",300188,,East and Southeast Asia,NM_005120.2,p.Ile1023Val,inherited,586,Xq13.1,c.3067A>G
X-linked. Genome position is described based on hg19 (NC_000023.10).,10.6084/m9.figshare.hgv.572,homozygous,FRMD7,http://dx.doi.org/10.1038/hgv.2015.2,East and Southeast Asia,CTC-CCC,Idiopathic congenital nystagmus,Issei Imoto,missense,131216421,90167,310700,Japanese,NM_194277.2,p.Leu292Pro,possibly inherited,572,Xq26.2,c.875T>C
,10.6084/m9.figshare.hgv.570,heterozygous,SLC27A4 /FATP4,http://dx.doi.org/10.1038/hgv.2015.3,East and Southeast Asia,CGC-CAC,ichthyosis prematurity syndrome,Ikuya Tsuge,missense,"chr9: 131,117,743(hg19)",604194,608649,East and Southeast Asia,NM_005094.3,p.Arg510His,de novo,570,9q34.11,c1529.G>A
,10.6084/m9.figshare.hgv.568,heterozygous,SLC27A4 /FATP4,http://dx.doi.org/10.1038/hgv.2015.3,East and Southeast Asia,TGT-TAT,ichthyosis prematurity syndrome,Ikuya Tsuge,missense,"chr9: 131,115,704(hg19)",604194,608649,East and Southeast Asia,NM_005094.3,p.Cys403Tyr,de novo,568,9q34.11,c1208.G>A
,10.6084/m9.figshare.hgv.566,heterozygous,PLD3,http://dx.doi.org/10.1038/hgv.2014.28,Europe,,Late onset Alzheimer's disease,Eva Schulte,missense,40884037,615698,104300,Europe,NM_001031696.3,p.D477G,,566,19q13.2,c.1430 G>A
,10.6084/m9.figshare.hgv.558,heterozygous,PLD3,http://dx.doi.org/10.1038/hgv.2014.28,Europe,,Late onset Alzheimer's disease,Eva Schulte,missense,40882563,615698,104300,Europe,NM_001031696.3,p.R356H,,558,19q13.2,c.1067 G>A
,10.6084/m9.figshare.hgv.556,heterozygous,PLD3,http://dx.doi.org/10.1038/hgv.2014.28,Europe,,"Late onset Alzheimer's disease, control",Eva Schulte,missense,40880475,615698,104300,Europe,NM_001031696.3,p.C300Y,,556,19q13.2,c.899 G>A
,10.6084/m9.figshare.hgv.552,heterozygous,PLD3,http://dx.doi.org/10.1038/hgv.2014.28,Europe,,Early onset Alzheimer's disease,Eva Schulte,missense,40877752,615698,104300,Europe,NM_001031696.3,p.N284S,,552,19q13.2,c.851 A>G
,10.6084/m9.figshare.hgv.552,heterozygous,PLD3,http://dx.doi.org/10.1038/hgv.2014.28,Europe,,Early onset Alzheimer's disease,Eva Schulte,missense,40877752,615698,104300,Europe,NM_001031696.3,p.N284S,,552,19q13.2,c.851 A>G
,10.6084/m9.figshare.hgv.546,heterozygous,PLD3,http://dx.doi.org/10.1038/hgv.2014.28,Europe,,Late onset Alzheimer's disease,Eva Schulte,missense,40877680,615698,104300,Europe,NM_001031696.3,p.S260F,,546,19q13.2,c.779 C>T
,10.6084/m9.figshare.hgv.544,homozygous,PLD3,http://dx.doi.org/10.1038/hgv.2014.28,Europe,,Late onset Alzheimer's disease,Eva Schulte,missense,40877662,615698,104300,Europe,NM_001031696.3,p.L254P,,544,19q13.2,c.761 T>C
,10.6084/m9.figshare.hgv.538,heterozygous,PLD3,http://dx.doi.org/10.1038/hgv.2014.28,Europe,,"Early onset Alzheimer's disease, control",Eva Schulte,missense,40877595,615698,104300,Europe,NM_001031696.3,p.V232M,,538,19q13.2,c.694 T>A
,10.6084/m9.figshare.hgv.536,heterozygous,PLD3,http://dx.doi.org/10.1038/hgv.2014.28,Europe,,Late onset Alzheimer's disease,Eva Schulte,missense,40877590,615698,104300,Europe,NM_001031696.3,p.L230H,,536,19q13.2,c.689 T>A
,10.6084/m9.figshare.hgv.534,heterozygous,PLD3,http://dx.doi.org/10.1038/hgv.2014.28,Europe,,frontotemporal lobar degeneration,Eva Schulte,missense,40876131,615698,600274,Europe,NM_001031696.3,p.R222H,,534,19q13.2,c.665 G>A
,10.6084/m9.figshare.hgv.532,heterozygous,PLD3,http://dx.doi.org/10.1038/hgv.2014.28,Europe,,"Late onset Alzheimer's disease, control",Eva Schulte,missense,40872803,615698,104300,Europe,NM_001031696.3,p.P76A,,532,19q13.2,c.226 C>G
,10.6084/m9.figshare.hgv.524,heterozygous,KCNT1,http://dx.doi.org/10.1038/hgv.2014.27,East and Southeast Asia,CGC-TGC,"Epileptic encephalopathy, early infantile, 14",Yamamoto Toshiyuki,missense,138660693,608167,614959,Japan,NM_020822.2,p.Arg474Cys,de novo,524,9q34.3,c.1420C>T
,10.6084/m9.figshare.hgv.519,heterozygous,MLC1,http://dx.doi.org/10.1038/hgv.2014.19,East and Southeast Asia,GCC-GAC,MLC,Toshiyuki Yamamoto,missense,50506932,605908,604004,Japan,NM_015166,A275D,inherited,519,22q13.33,c.824C>A
,10.6084/m9.figshare.hgv.517,heterozygous,MLC1,http://dx.doi.org/10.1038/hgv.2014.19,East and Southeast Asia,TCG-TTG,MLC,Toshiyuki Yamamoto,missense,50518816,605908,604004,Japan,NM_015166,S93L,inherited,517,22q13.33,c.278C>T
,10.6084/m9.figshare.hgv.515,homozygous,MLC1,http://dx.doi.org/10.1038/hgv.2014.19,East and Southeast Asia,TCG-TTG,MLC,Toshiyuki Yamamoto,missense,50518816,605908,604004,Japan,NM_015166,S93L,inherited,515,22q13.33,c.278C>T
"rs104894936, pathogenic",10.6084/m9.figshare.hgv.511,hemizygous,SLC16A2,http://dx.doi.org/10.1038/hgv.2014.10,East and Southeast Asia,GCG-GTG,Allan-Herndon-Dudley syndrome,Toshiyuki Yamamoto,missense,73740843,300095,300523,Japan,NM_006517.4,p.Ala150Val,inherited,511,Xq13.2,c.449C>T
"rs6647476, benign",10.6084/m9.figshare.hgv.509,hemizygous,SLC16A2,http://dx.doi.org/10.1038/hgv.2014.10,East and Southeast Asia,TCT-CCT,Allan-Herndon-Dudley syndrome,Toshiyuki Yamamoto,missense,73641569,300095,300523,Japan,NM_006517.4,p.Ser33Pro,inherited,509,Xq13.2,NM_006517.4
,10.6084/m9.figshare.hgv.505,hemizygous,KAL1,http://dx.doi.org/10.1038/hgv.2014.11,Central and South Asia,CAC-CAA,Combined Pituitary Hormone Deficiency,Tomonobu Hasegawa,missense,8503770,300836,,Central and South Asia,NM_000216,p.His568Gln,unkown,505,Xp22.31,c.1704C>A
,10.6084/m9.figshare.hgv.497,heterozygous,HFE,http://dx.doi.org/10.1038/hgv.2014.4,Europe,,Alzheimer disease,Artem Atremov,missense,26093141,613609,104300,European,NP_620579,,inherited,497,6,NP_620579.1:p.Cys102Tyr
"affected members: III-4, IV-4",10.6084/m9.figshare.hgv.493,heterozygous,KRT5,http://dx.doi.org/10.1038/hgv.2014.7,Central and South Asia,CTC-CAC,Epidermolysis Bullosa Simplex Koebner type,Vinod Scaria,missense,52911492,148040,131900,Central and South Asia,NM_000424.3,p.L325H,Inherited,493,12q13.13,c.T974A
,10.6084/m9.figshare.hgv.21,heterozygous,PITX2,http://dx.doi.org/10.1038/hgv.2014.5,East and Southeast Asia,CGC-TGC,Iris Hypoplasia,Mitsuko Nakashima,missense,111542367G,601542,0,Japanese,NM_153427.2 ,p.R69C,inherited,21,4q25,c.205C>T
,10.6084/m9.figshare.hgv.13,homozygous,COL4A3,http://dx.doi.org/10.1038/hgv.2014.6,East and Southeast Asia,GGC-GAC,Alport syndrome,Naoya Morisada,missense,228157962,120070,203780,East and Southeast Asian,NM_000091.4,p.Gly1089Asp,maternal segmental isodisomy,13,2q36.3,c.3266G>A
,10.6084/m9.figshare.hgv.13,homozygous,COL4A3,http://dx.doi.org/10.1038/hgv.2014.6,East and Southeast Asia,GGC-GAC,Alport syndrome,Naoya Morisada,missense,228157962,120070,203780,East and Southeast Asian,NM_000091.4,p.Gly1089Asp,maternal segmental isodisomy,13,2q36.3,c.3266G>A
